NO,게임명,제목/내용,이슈 판단,검수 - 피드백,label,text
1,FM,"제목: 결제실패
내용: 갤럭시24울트라 사용중인데 상품결제하면 결제실패라고 뜨고 실제 결제는 이루어져서 상품을 받으려면 계속 재시작해야 합니다. ",O,"결제 실패 오류에 해당하는 문의로, 이슈 판단 잘해주셨습니다.
 1건 발생 시 텔레그램 이슈방 전달
3건 이상 발생 시 유선 전달 입니다.",issue,제목: 결제실패 내용: 갤럭시24울트라 사용중인데 상품결제하면 결제실패라고 뜨고 실제 결제는 이루어져서 상품을 받으려면 계속 재시작해야 합니다. 
2,FM,"제목: 백뷰 노출 설정 꺼꾸로 되있는 거 아님?
내용: '네' 하면 안나오고

'아니오' 하면 나오는데요??",O,"설정이 잘못된 현상으로 콘텐츠 진행 불가에 해당합니다.
이슈 판단 잘해주셨습니다.
 1건 발생 시 텔레그램 이슈방 전달
3건 이상 발생 시 유선 전달 입니다. ",issue,제목: 백뷰 노출 설정 꺼꾸로 되있는 거 아님? 내용: '네' 하면 안나오고 '아니오' 하면 나오는데요??
3,FM,"제목: 5-5 탐색 어떻게 깨나요??
내용: 5-5 탐색에서 모든 상호작용되는 건 다 눌러봤는데 진행이 안되네요ㅠㅠ

스토리 넘어가지를 못하고 있어요

도와주세요오",O,"콘텐츠 불가 오류가 발생한 사항으로,
이슈 판단 잘 해주셨습니다.
1건 발생 시 즉시 전달
3건 이상 시 유선 전달 해주시면 됩니다.",issue,제목: 5-5 탐색 어떻게 깨나요?? 내용: 5-5 탐색에서 모든 상호작용되는 건 다 눌러봤는데 진행이 안되네요ㅠㅠ 스토리 넘어가지를 못하고 있어요 도와주세요오
4,FM,"제목: 5-5 스테이지가 버그인가요 안깨지네요
내용: ㅠㅜ 도와주세요",O,"콘텐츠 불가 오류가 발생한 사항으로,
이슈 판단 잘 해주셨습니다.
1건 발생 시 즉시 전달
3건 이상 시 유선 전달 해주시면 됩니다.",issue,제목: 5-5 스테이지가 버그인가요 안깨지네요 내용: ㅠㅜ 도와주세요
5,FM,"제목: 어제부터 왜 게스트가 됐다 안됐다 하나요..ㅜㅜ
내용: 아니 왜 어제부터 게스트가 됐다 안됐다함...서버 관리 좀 해주세요..",O,"접속 불가 현상에 해당하는 문의로, 이슈 판단 잘해주셨습니다.
 1건 발생 시 텔레그램 이슈방 전달 및 접속 테스트
3건 이상 발생 시 유선 전달 입니다.",issue,제목: 어제부터 왜 게스트가 됐다 안됐다 하나요..ㅜㅜ 내용: 아니 왜 어제부터 게스트가 됐다 안됐다함...서버 관리 좀 해주세요..
6,FM,"제목: 현재 게임도 설치도 안되고 게스트 로그인도 여러번 시도해야지 로그인 되고 난리네요
내용: 고쳐라!! 겜을 냈으면 고쳐라! 점검해라! 사료줘라!
에잉.. 낼 오픈하는 각성소녀나 하러 가야겠네..",O,"접속 불가 현상에 해당하는 문의로, 이슈 판단 잘해주셨습니다.
 1건 발생 시 텔레그램 이슈방 전달 및 접속 테스트
3건 이상 발생 시 유선 전달 입니다.",issue,제목: 현재 게임도 설치도 안되고 게스트 로그인도 여러번 시도해야지 로그인 되고 난리네요 내용: 고쳐라!! 겜을 냈으면 고쳐라! 점검해라! 사료줘라! 에잉.. 낼 오픈하는 각성소녀나 하러 가야겠네..
7,FM,"제목: 이게 확실하다
내용: 꼬봉남겨놓고 회식하다가 서버터지니 술먹다말고 회사로 복귀중

제목: 그니까 내가 머라그랬냐 현질하지 마라고했자나
내용: 말을 해줘도 안듣고 현질한사람 없지???
운영 이따구면 문닫는거 얼마안걸린다

제목: 설마
내용: 진심 지들 퇴근시간 맞춰서 연장마무리하고 바로 가려고
2시에서 6시로 한거야???
근데 능력딸리는 머저리들만 있어서 마무리 못하고
무기한 연장하는거고??
이래서 좃소기업은 안되는거야

제목: 운영이 영 이상하네
내용: 신경을 하나도 안쓰는 느낌

제목: 진심 궁금해서 그러는데 점검시간을 왜 2시로 잡은거임?
내용: 심지어 중섭은 새벽에 한다는데 왜죠? 왜? 왜 2시에 하는거죠? 왜지? 
자신있어서 퇴근시간에 딱 맞게 점검시간 잡은 거 아니였나요? 왜 연장이지? 왜죠?

제목: 솔직히 너무한거 같아요
내용: 연장점검이 될 정도면 무리해서 업데이트를 빠르게 진행하는거 같은데
점검완료 시간도 명확하지 않고 사과공지도 없고 
첫 점검부터 이러시면 신뢰하기가 어려워요.

제목: 영자님들아
내용: 진지하게 점검시간 고려해보셈 2시부터 점검한다는 거 보고 특이해도 그렇다니까 그냥 기다렸는데 
아무리 생각해봐도 오전에 하는게 낫지않을까 라는 생각을 함 지금 44분이나 미뤄지고 있는데 다음 업뎃에서도 
점검시간 2시부터 6시 ㅇㅈㄹ하면 진짜 정 떨어질 것 같아요",O,"불만 관련 동향에 해당하는 게시글로, 이슈 판단 잘해주셨습니다.
5건 이상 발생 시 텔레그램 이슈방에 전달해주시면 됩니다.",issue,제목: 이게 확실하다 내용: 꼬봉남겨놓고 회식하다가 서버터지니 술먹다말고 회사로 복귀중 제목: 그니까 내가 머라그랬냐 현질하지 마라고했자나 내용: 말을 해줘도 안듣고 현질한사람 없지??? 운영 이따구면 문닫는거 얼마안걸린다 제목: 설마 내용: 진심 지들 퇴근시간 맞춰서 연장마무리하고 바로 가려고 2시에서 6시로 한거야??? 근데 능력딸리는 머저리들만 있어서 마무리 못하고 무기한 연장하는거고?? 이래서 좃소기업은 안되는거야 제목: 운영이 영 이상하네 내용: 신경을 하나도 안쓰는 느낌 제목: 진심 궁금해서 그러는데 점검시간을 왜 2시로 잡은거임? 내용: 심지어 중섭은 새벽에 한다는데 왜죠? 왜? 왜 2시에 하는거죠? 왜지? 자신있어서 퇴근시간에 딱 맞게 점검시간 잡은 거 아니였나요? 왜 연장이지? 왜죠? 제목: 솔직히 너무한거 같아요 내용: 연장점검이 될 정도면 무리해서 업데이트를 빠르게 진행하는거 같은데 점검완료 시간도 명확하지 않고 사과공지도 없고 첫 점검부터 이러시면 신뢰하기가 어려워요. 제목: 영자님들아 내용: 진지하게 점검시간 고려해보셈 2시부터 점검한다는 거 보고 특이해도 그렇다니까 그냥 기다렸는데 아무리 생각해봐도 오전에 하는게 낫지않을까 라는 생각을 함 지금 44분이나 미뤄지고 있는데 다음 업뎃에서도 점검시간 2시부터 6시 ㅇㅈㄹ하면 진짜 정 떨어질 것 같아요
8,FM,"제목: ㅋㅋㅋㅋㅋ
내용: 이 씨발새끼들도 좆마블 따라하는거냐? 여기 회사 새끼들도 죄다 안경쓴 여드름 돼지새끼들만 있는거냐? 
능력도 안 되면서 뭘 씨발 점검시간을 이따위로 하는거냐?",O,"욕설이 포함된 불건전 게시글로, 이슈 판단 잘해주셨습니다.
게시글 삭제 진행해주시면 됩니다.",issue,제목: ㅋㅋㅋㅋㅋ 내용: 이 씨발새끼들도 좆마블 따라하는거냐? 여기 회사 새끼들도 죄다 안경쓴 여드름 돼지새끼들만 있는거냐? 능력도 안 되면서 뭘 씨발 점검시간을 이따위로 하는거냐?
9,FM,"제목: 이 집 장사 존나 못하네 ㅋㅋㅋㅋ
내용: 아니 일단 공지라도 좀 하라고 ㅋㅋㅋ 
아님 배짱이 존나 대단한건가?",O,"비속어가 포함된 게시글은 맞지만, 삭제 할 정도의 
비속어가 아니기에 삭제할 필요없습니다.

또한, 해당 게시글은 운영 실수로 인한 불만 게시글로 판단되어
먼저 텔레그램 이슈방에 물어보는 것이 좋습니다.",issue,제목: 이 집 장사 존나 못하네 ㅋㅋㅋㅋ 내용: 아니 일단 공지라도 좀 하라고 ㅋㅋㅋ 아님 배짱이 존나 대단한건가?
10,FM,"제목: 야
내용: 야이 씨발것들아 뭘 제대로 공지를 좀 쳐 하면서 연장점검을 쳐하던지 말던지해 씨발 존나 무책임하게 
저딴식으로 고쳐놓고 유저들 하염없이 기다리게만 할래? 니들이 인간이라면 최소한의 매너는 갖고 운영을 쳐 해 씨발것들아",O,"욕설이 포함된 불건전 게시글로, 이슈 판단 잘해주셨습니다.
게시글 삭제 진행해주시면 됩니다.",issue,제목: 야 내용: 야이 씨발것들아 뭘 제대로 공지를 좀 쳐 하면서 연장점검을 쳐하던지 말던지해 씨발 존나 무책임하게 저딴식으로 고쳐놓고 유저들 하염없이 기다리게만 할래? 니들이 인간이라면 최소한의 매너는 갖고 운영을 쳐 해 씨발것들아
11,FM,"제목: M샵 사이트 들어가봤는데 이거 뭐냐
내용: 원래 위에 사진처럼 유저 ID랑 구글로그인 떠야하는데 페북밖에 없음

 ",O,"콘텐츠 불가 오류가 발생한 사항으로,
이슈 판단 잘 해주셨습니다.
1건 발생 시 즉시 전달
3건 이상 시 유선 전달 해주시면 됩니다.",issue,제목: M샵 사이트 들어가봤는데 이거 뭐냐 내용: 원래 위에 사진처럼 유저 ID랑 구글로그인 떠야하는데 페북밖에 없음 
12,FM,"제목: 그냥섭종해라 환불이나받게
내용: 아진짜 기다리기 힘드네

제목: 깔끔하게 전액 환불하고 헤어지자
내용: 첫 점검을 이딴식으로 할거면 운영 말 다했다.
걍 여기서 끝내자.

제목: 이러면 나가린데 환불 되나
내용: ㅈ 같네
뭔 언제 된다고 공지라도 올리던가
주인 나간 ㄱㅅㄲ 마냥 하염없이 기다려야 됨?",O,"불만 관련 동향에 해당하는 게시글로, 이슈 판단 잘해주셨습니다.
5건 이상 발생 시 텔레그램 이슈방에 전달해주시면 됩니다.",issue,제목: 그냥섭종해라 환불이나받게 내용: 아진짜 기다리기 힘드네 제목: 깔끔하게 전액 환불하고 헤어지자 내용: 첫 점검을 이딴식으로 할거면 운영 말 다했다. 걍 여기서 끝내자. 제목: 이러면 나가린데 환불 되나 내용: ㅈ 같네 뭔 언제 된다고 공지라도 올리던가 주인 나간 ㄱㅅㄲ 마냥 하염없이 기다려야 됨?
13,FM,"제목: 하나밖에 없는 공식채널에 비난이 폭주인데 답이 없는거보면
내용: 담배 존나 빨고 지금 집가고 있는거 맞는거 같다.

환불 준비해라.",O,"비속어가 포함된 게시글은 맞지만, 삭제 할 정도의 
비속어가 아니기에 삭제할 필요없습니다.

또한, 해당 게시글은 운영 실수로 인한 불만 게시글로 판단되어
먼저 텔레그램 이슈방에 물어보는 것이 좋습니다.",issue,제목: 하나밖에 없는 공식채널에 비난이 폭주인데 답이 없는거보면 내용: 담배 존나 빨고 지금 집가고 있는거 맞는거 같다. 환불 준비해라.
14,FM,"제목: 점검보상 장난하나
내용: 이정도면 한국 유저 그냥 비융신으로 보는거지ㅋㅋㅋㅋ

제목: 지금 장난하냐?
내용: 아니 기대하는겜  2시간 넘게 기다리게 만들고 보상은 고작 이거냐?

제목: 보상 기가막히네 ㅋㅋㅋㅋㅋㅋㅋㅋㅋ
내용: 쉴드충 있는거 아니지????

제목: 2시간 연장 보상
내용: 어느정도가 ㄱㅊ하다 생각?

제목: 보상이 저게 뭐임?
내용: 머리가 정상이 아닌가?

제목: ㄹㅇ 쓰래기겜이네
내용: 걍 안할란다",O,"불만 관련 동향에 해당하는 게시글로, 이슈 판단 잘해주셨습니다.
5건 이상 발생 시 텔레그램 이슈방에 전달해주시면 됩니다.",issue,제목: 점검보상 장난하나 내용: 이정도면 한국 유저 그냥 비융신으로 보는거지ㅋㅋㅋㅋ 제목: 지금 장난하냐? 내용: 아니 기대하는겜 2시간 넘게 기다리게 만들고 보상은 고작 이거냐? 제목: 보상 기가막히네 ㅋㅋㅋㅋㅋㅋㅋㅋㅋ 내용: 쉴드충 있는거 아니지???? 제목: 2시간 연장 보상 내용: 어느정도가 ㄱㅊ하다 생각? 제목: 보상이 저게 뭐임? 내용: 머리가 정상이 아닌가? 제목: ㄹㅇ 쓰래기겜이네 내용: 걍 안할란다
15,FM,"제목: 이딴겜에 현질하는 흑우없재?
내용: 본섭 대비 차별

픽업 일정만 당기고 재화는 오히려 줄여서

응 니네 지갑으로 뽑아 ㅋㅋㅋ
퀄리티는 소망보다 못한데 소망이랑 똑같은짓 ㅋㅋ
소망^^나락간거 안보이냐

지금 분위기 삼엄한데도 이러는거보니
순진한 애들한테 바짝땡기고 먹튀하려나보다
난 무과라 대충놀다 버려야지 퉤퉤",O,"타 게임 언급 게시글은 맞으나 
타 게임에 대한 내용이 작성된 게시글이 아닌
타 게임이 어떠한 이유로 불만동향이 생겼고,
그것과 같은 전철을 밟고 있다는 
불만 게시글로 판단될 수 있어 
삭제 하지 말고 텔레그렘 이슈방에 물어보는것이 좋습니다.",issue,제목: 이딴겜에 현질하는 흑우없재? 내용: 본섭 대비 차별 픽업 일정만 당기고 재화는 오히려 줄여서 응 니네 지갑으로 뽑아 ㅋㅋㅋ 퀄리티는 소망보다 못한데 소망이랑 똑같은짓 ㅋㅋ 소망^^나락간거 안보이냐 지금 분위기 삼엄한데도 이러는거보니 순진한 애들한테 바짝땡기고 먹튀하려나보다 난 무과라 대충놀다 버려야지 퉤퉤
16,FM,"제목: 가레나 이 ㅁㅊ놈들 객실보상까지 건드렸네
내용: 24년 10월 중섭 오픈 초기 동영상인데 저긴 200개씩 주면서 한섭은 100개로 반토막 내버리고

진짜 뭔 정신으로 하는거임???? 모를 줄 알았냐????


















제목: 헬적화 하고서 안 걸릴 줄 알았어요?
내용: 중섭 오픈 일주일 뒤 영상인데 노드별 보상이 200이죠?

​왜 한섭은 100입니까?

그리고 가구(이벤트 재화) 획득량 올렸다고요?

​그럼 이벤트 상점 구매비용은 왜 올리셨어요?

​눈가리고 아웅하시는 건가요?

그따위로 하다가 과금러들 감정상해서 떠나면 참 좋겠다 그죠?

​

어이가 없어서 해명 및 복구할 때 까지 지갑 닫으려고요.

​

헬적화하다가 걸려서 망한 겜이 몇인데 잘 놀고 계시네요.",O,"불만 관련 동향에 해당하는 게시글로, 이슈 판단 잘해주셨습니다.
5건 이상 발생 시 텔레그램 이슈방에 전달해주시면 됩니다.",issue,제목: 가레나 이 ㅁㅊ놈들 객실보상까지 건드렸네 내용: 24년 10월 중섭 오픈 초기 동영상인데 저긴 200개씩 주면서 한섭은 100개로 반토막 내버리고 진짜 뭔 정신으로 하는거임???? 모를 줄 알았냐???? 제목: 헬적화 하고서 안 걸릴 줄 알았어요? 내용: 중섭 오픈 일주일 뒤 영상인데 노드별 보상이 200이죠? ​왜 한섭은 100입니까? 그리고 가구(이벤트 재화) 획득량 올렸다고요? ​그럼 이벤트 상점 구매비용은 왜 올리셨어요? ​눈가리고 아웅하시는 건가요? 그따위로 하다가 과금러들 감정상해서 떠나면 참 좋겠다 그죠? ​ 어이가 없어서 해명 및 복구할 때 까지 지갑 닫으려고요. ​ 헬적화하다가 걸려서 망한 겜이 몇인데 잘 놀고 계시네요.
17,FM,"제목: ●▅▇█▇▆▅▄▇
내용: 우리 이제 과금 안해
서비스 종료하던지 아니면 정상화 시키던지
알아서 하쇼

제목: 시작부터 운영 이런식이면 다 도망가요
내용: 어차피 이게임 하는 사람들 다 중국 서브컬쳐 하던 사람들이라 그쪽 퍼블리셔들 갑질과 헬적화에 이골들이나서
시작부터 이렇게 노골적으로 적대운영하면 요즘엔 기대도 안하고 바로 다 도망쳐요
아직 기회있을때 운영 똑바로 정상화하세요.

제목: 운영 쓰레기
내용: 운영 쓰레기같긴한데
자꾸 섭종할거다
과금 하지 말아라
다른 게임 할거다 이런말은 하지 마세요

섭종이 좋은것도 아니고

과금은 지 마음이고

다른 게임 할거면 조용히 하고요

제목: 가레기야 이게 맞냐?
내용: 진짜 초반에 쫙 빨고 런할려고 운영하는거 아니지? 

우리가 진짜 호구로 보이는구나 

제목: 이렇게 운영하면 돈을 더 못번다는걸 모르는건가
내용: 진짜 이해가 안가네

제목: 중겜 운영은 원래 다 이런가요
내용: 원래 신캐 나오는게 이렇게 빠른가요? 분명 겜 오픈한지도 얼마 안된것같은데... 간만에 좋은게임 찾았다 했는데 어렵네요..

제목: ●▅▇█▇▆▅▄▇
내용: 가레나야 잘생각해라 이게 맞니?

제목:●▅▇█▇▆▅▄▇
내용: 운영 똑바로 좀 해",O,"불만 관련 동향에 해당하는 게시글로, 이슈 판단 잘해주셨습니다.
5건 이상 발생 시 텔레그램 이슈방에 전달해주시면 됩니다.",issue,제목: ●▅▇█▇▆▅▄▇ 내용: 우리 이제 과금 안해 서비스 종료하던지 아니면 정상화 시키던지 알아서 하쇼 제목: 시작부터 운영 이런식이면 다 도망가요 내용: 어차피 이게임 하는 사람들 다 중국 서브컬쳐 하던 사람들이라 그쪽 퍼블리셔들 갑질과 헬적화에 이골들이나서 시작부터 이렇게 노골적으로 적대운영하면 요즘엔 기대도 안하고 바로 다 도망쳐요 아직 기회있을때 운영 똑바로 정상화하세요. 제목: 운영 쓰레기 내용: 운영 쓰레기같긴한데 자꾸 섭종할거다 과금 하지 말아라 다른 게임 할거다 이런말은 하지 마세요 섭종이 좋은것도 아니고 과금은 지 마음이고 다른 게임 할거면 조용히 하고요 제목: 가레기야 이게 맞냐? 내용: 진짜 초반에 쫙 빨고 런할려고 운영하는거 아니지? 우리가 진짜 호구로 보이는구나 제목: 이렇게 운영하면 돈을 더 못번다는걸 모르는건가 내용: 진짜 이해가 안가네 제목: 중겜 운영은 원래 다 이런가요 내용: 원래 신캐 나오는게 이렇게 빠른가요? 분명 겜 오픈한지도 얼마 안된것같은데... 간만에 좋은게임 찾았다 했는데 어렵네요.. 제목: ●▅▇█▇▆▅▄▇ 내용: 가레나야 잘생각해라 이게 맞니? 제목:●▅▇█▇▆▅▄▇ 내용: 운영 똑바로 좀 해
18,FM,"제목: 차별운영???
내용: 니미 씨발 한섭 차별운영하는거냐? 개좆같네 씨발 안그래도 헬조선이라 좆같은데 니들같은 
듣보잡것들이 이딴식으로 뒤통수 후려치는 운영을 쳐하는거냐? 좆이나 빨아라 씨발것들아",O,"욕설이 포함된 불건전 게시글로, 이슈 판단 잘해주셨습니다.
게시글 삭제 진행해주시면 됩니다.",issue,제목: 차별운영??? 내용: 니미 씨발 한섭 차별운영하는거냐? 개좆같네 씨발 안그래도 헬조선이라 좆같은데 니들같은 듣보잡것들이 이딴식으로 뒤통수 후려치는 운영을 쳐하는거냐? 좆이나 빨아라 씨발것들아
19,FM,"제목: 리세
내용: 나만 게스트 로그인 막힘?

제목: 계정생성 막힌 애들 주목! (수정)
내용: 방금 어플지우고 다시 설치해서 진행하는데

두번째 게스트로그인에서 막힘

​

얘네 그냥 걸러야할듯

​

ㅡㅡㅡㅡㅡㅡㅡㅡㅡㅡㅡㅡㅡㅡㅡㅡㅡ

예상되는 원인은 둘 중 하나다

​

한 UID당 계정생성 100회 제한

8/14 패치이후 계정생성제한 추가

​

튜토리얼 스킵기능을 넣어줘도 모자를 판에

2번을 적용했다? 그러면 딴겜하러 감",O,"접속 불가 현상에 해당하는 문의로, 이슈 판단 잘해주셨습니다.
 1건 발생 시 텔레그램 이슈방 전달 및 접속 테스트
3건 이상 발생 시 유선 전달 입니다.",issue,제목: 리세 내용: 나만 게스트 로그인 막힘? 제목: 계정생성 막힌 애들 주목! (수정) 내용: 방금 어플지우고 다시 설치해서 진행하는데 두번째 게스트로그인에서 막힘 ​ 얘네 그냥 걸러야할듯 ​ ㅡㅡㅡㅡㅡㅡㅡㅡㅡㅡㅡㅡㅡㅡㅡㅡㅡ 예상되는 원인은 둘 중 하나다 ​ 한 UID당 계정생성 100회 제한 8/14 패치이후 계정생성제한 추가 ​ 튜토리얼 스킵기능을 넣어줘도 모자를 판에 2번을 적용했다? 그러면 딴겜하러 감
20,FM,"제목: 신월동행 = 밀리언아서 링
내용: 섭종엔딩.",X,"타 게임이 이와 같은 운영방식에 따른 결과로 
서버 종료가 되었던 선례가 있어
이렇게 가면 서버 종료를 할 것 같다는 불만 게시글로 
타 게임에 대한 내용이 작성된 게시글이 아닌 단순 언급이기에 
삭제하실 필요 없습니다.",non_issue,제목: 신월동행 = 밀리언아서 링 내용: 섭종엔딩.
21,FM,"제목: 이건 뭔 버그임
내용: 1돌 용정이 왜 확산 하나만 터지냐

",O,"콘텐츠 진행 오류에 해당하는 문의로, 이슈 판단 잘해주셨습니다.
 1건 발생 시 텔레그램 이슈방 전달,
3건 이상 발생 시 유선 전달 입니다.",issue,제목: 이건 뭔 버그임 내용: 1돌 용정이 왜 확산 하나만 터지냐 
22,FM,"제목: 주말에도 일하실거면
내용: 제 월간동행 결제오류나서 미지급 된거나 좀 빨리 처리해 주세요..

주말이라 그런가보다 했는데 점검하는거 보니 일을 하긴한다는건데

어제 결제했는데 아직도 못받고 있는데 이게 맞는건지...",O,"상품 결제 오류에 해당하는 문의로
이슈판단 잘 해주셨습니다
1건 발생 시 즉시 전달,
3건 이상 발생 시 유선 전달 해주시면 됩니다.",issue,제목: 주말에도 일하실거면 내용: 제 월간동행 결제오류나서 미지급 된거나 좀 빨리 처리해 주세요.. 주말이라 그런가보다 했는데 점검하는거 보니 일을 하긴한다는건데 어제 결제했는데 아직도 못받고 있는데 이게 맞는건지...
23,FM,"제목: 연장ㅋㅋㅋㅋㅋㅋ
내용: 3분전에 연장 2시간 때리는게 맞냐??
아무리 운영을 못 해도 뇌가 빠졌나 지금 민심에 ㅋㅋㅋ
보상 제대로 안 주면 인원 다 빠진다
무과로 징징거리는 거 아니고 과금 할 만큼 했다 영자야~

제목: 얘네는 도대체 뭐하는 회사임?
내용: 첫 점검을 주간에 잡은것고 모자라 갑자기 임시점검 쳐하는데 2시간 연장까지한다고? 정신머리가있는건가 ㅋㅋㅋㅋ
이러고 점검 보상은 기존에 100 재화 추가 해서 줄게 뻔하다 뻔해 이샠기들 그냥

제목: 임시점검도 제대로 못끝내고 연장하네
내용: 대단하다

제목: 팩트는 자회도 뽑고 할거없어서 딱히 화가 안 난다는거임
내용: 연장은 화나는거랑 별개로 좀 맞자

제목: 연장이 뭐 당연한건가
내용: 점검 할 때마다 연장이고

제목: 점검 관련 한마디만 하고가겠습니다.
내용: 엊그제야 처음이니까 그런가보다 하는데 오늘은 또 무엇때문에 연장입니까? 

점검 목록은 서버 안정화 딱 이글자만 들어가있고 점검은 다들 게임 시간 충분할 주말시간에 ㅠㅠ 

참 너무 하시는거 아닌가요? 

제목: 뭐하는거임?
내용: 지금 이걸 공지라고 쳐올린건가

앞뒤 다짤라먹고 ""아 문제 있어서 2시간 정도 늦을것 같아 2시간만 기다려라!""는 

친구끼리도 선넘는건데 

가레나나 파이어웍스랑 우리랑 친구임?

서비스 제공자와 서비스 이용자관계인데 

​

정확하게 

누가, 언제, 어디서, 어떻게, 무엇을, 왜?

6하원칙에 의거해서 

서비스를 어떠한 이유로 못하고있고 문제가있다면 무엇때문에 늦어지고 

지금 대략적으로 이러이렇게 수정하고있으니 기다려 달라가 선행되어야

​

유저도 배려를 할 수가 있는거지 

​

일방적인 통보를 해놓고 유져들에게 왜 일방적 배려를 바라는거임?

​

저번 한번은 그렇다치고 넘어갔지만

황금같은 주말에 이게 뭐하는 짓인지 

유저랑 기싸움 하자는거임?

제목: 점검시갘 2시간연장 장난하냐
내용: .",O,"연장 점검에 관한 불만 동향으로 이슈판단 잘 해주셨습니다.
5건 이상 발생 시 전달해주시면 됩니다.",issue,"제목: 연장ㅋㅋㅋㅋㅋㅋ 내용: 3분전에 연장 2시간 때리는게 맞냐?? 아무리 운영을 못 해도 뇌가 빠졌나 지금 민심에 ㅋㅋㅋ 보상 제대로 안 주면 인원 다 빠진다 무과로 징징거리는 거 아니고 과금 할 만큼 했다 영자야~ 제목: 얘네는 도대체 뭐하는 회사임? 내용: 첫 점검을 주간에 잡은것고 모자라 갑자기 임시점검 쳐하는데 2시간 연장까지한다고? 정신머리가있는건가 ㅋㅋㅋㅋ 이러고 점검 보상은 기존에 100 재화 추가 해서 줄게 뻔하다 뻔해 이샠기들 그냥 제목: 임시점검도 제대로 못끝내고 연장하네 내용: 대단하다 제목: 팩트는 자회도 뽑고 할거없어서 딱히 화가 안 난다는거임 내용: 연장은 화나는거랑 별개로 좀 맞자 제목: 연장이 뭐 당연한건가 내용: 점검 할 때마다 연장이고 제목: 점검 관련 한마디만 하고가겠습니다. 내용: 엊그제야 처음이니까 그런가보다 하는데 오늘은 또 무엇때문에 연장입니까? 점검 목록은 서버 안정화 딱 이글자만 들어가있고 점검은 다들 게임 시간 충분할 주말시간에 ㅠㅠ 참 너무 하시는거 아닌가요? 제목: 뭐하는거임? 내용: 지금 이걸 공지라고 쳐올린건가 앞뒤 다짤라먹고 ""아 문제 있어서 2시간 정도 늦을것 같아 2시간만 기다려라!""는 친구끼리도 선넘는건데 가레나나 파이어웍스랑 우리랑 친구임? 서비스 제공자와 서비스 이용자관계인데 ​ 정확하게 누가, 언제, 어디서, 어떻게, 무엇을, 왜? 6하원칙에 의거해서 서비스를 어떠한 이유로 못하고있고 문제가있다면 무엇때문에 늦어지고 지금 대략적으로 이러이렇게 수정하고있으니 기다려 달라가 선행되어야 ​ 유저도 배려를 할 수가 있는거지 ​ 일방적인 통보를 해놓고 유져들에게 왜 일방적 배려를 바라는거임? ​ 저번 한번은 그렇다치고 넘어갔지만 황금같은 주말에 이게 뭐하는 짓인지 유저랑 기싸움 하자는거임? 제목: 점검시갘 2시간연장 장난하냐 내용: ."
24,FM,"제목: 겜. 좆긋네 진짜 ㅡㅡ
내용: 뭐 할꺼도없는데 ㅡㅡ점검만하냐

섭정때려라 ...진심으로",O,"욕설이 포함된 불건전 게시글로, 이슈 판단 잘해주셨습니다.
게시글 삭제 진행해주시면 됩니다.",issue,제목: 겜. 좆긋네 진짜 ㅡㅡ 내용: 뭐 할꺼도없는데 ㅡㅡ점검만하냐 섭정때려라 ...진심으로
25,FM,"제목: 근데 진짜 커뮤 좆망했네
내용: 유입 들어오다가 나가겠다",O,"비속어가 포함된 게시글로, 이슈 판단 잘 해주셨습니다.
 삭제해주시면 됩니다.",issue,제목: 근데 진짜 커뮤 좆망했네 내용: 유입 들어오다가 나가겠다
26,FM,"제목: 대 가 리 숙이는 법을 모름?
내용: 서비스직종이 고객한테 대.가.리 수그릴줄 모른다?

빳빳하이 어깨뽕 가득차서

​우린 잘못한거 없고 해주고 싶지만 중국과의 형평성

때문에 해줄수 없어. 근데 죄송하진 않아.


서버 점검 내역도 밝히고 싶진 않아. 걍 시크릿한

우리만의 비밀로 할래
그래도 과금은 해줄거지?

직원은 단기계약직 많이 뽑고 있어.​

적당히. 1,2년 빨댜가 섭종할게 수고 ^^",O,"비속어가 포함된 게시글은 맞으나 비속어의 정도가 약한 편이고,
해당 게시글은 운영 실수로 인한 불만 게시글로 판단되어
일단 삭제하지 말고 텔레그램 이슈방에 물어보는 것이 좋습니다.",issue,"제목: 대 가 리 숙이는 법을 모름? 내용: 서비스직종이 고객한테 대.가.리 수그릴줄 모른다? 빳빳하이 어깨뽕 가득차서 ​우린 잘못한거 없고 해주고 싶지만 중국과의 형평성 때문에 해줄수 없어. 근데 죄송하진 않아. 서버 점검 내역도 밝히고 싶진 않아. 걍 시크릿한 우리만의 비밀로 할래 그래도 과금은 해줄거지? 직원은 단기계약직 많이 뽑고 있어.​ 적당히. 1,2년 빨댜가 섭종할게 수고 ^^"
27,FM,"제목: 초보자 미션
내용: 단계 8까지 깨면 40전화카드 주는 거였잖아요? 다깼는데 왜 보상 안들어와..? 미친 게임 진짜",O,"콘텐츠 진행 오류 현상에 해당하는 문의로, 
이슈 판단 잘해주셨습니다.
 1건 발생 시 텔레그램 이슈방 전달,
3건 이상 발생 시 유선 전달 입니다.",issue,제목: 초보자 미션 내용: 단계 8까지 깨면 40전화카드 주는 거였잖아요? 다깼는데 왜 보상 안들어와..? 미친 게임 진짜
28,FM,"제목: 게임 최적화
내용: 토요일 점검 끝나고부터 전투나 탐색 맵 돌아다닐때 간혈적으로 막 끊기는데 ㅈ ㅓ만 그런가영?",O,"콘텐츠 진행 오류 현상에 해당하는 문의로, 
이슈 판단 잘해주셨습니다.
 1건 발생 시 텔레그램 이슈방 전달,
3건 이상 발생 시 유선 전달 입니다.",issue,제목: 게임 최적화 내용: 토요일 점검 끝나고부터 전투나 탐색 맵 돌아다닐때 간혈적으로 막 끊기는데 ㅈ ㅓ만 그런가영?
29,FM,"제목: 게임이다 비슷비슷한가봐요?
내용: 소오콘 이후로 처음하는데 너무재미있게 하고있습니다. 신월동행.

그런데 스토리다밀고 깰꺼다깨니까 딱히할게 없네요?

그래서 또무슨게임있나~하고 찾아보니까

아직출시는 안했는데~ 사전예약겸 무슨게임인지 알아볼깢 하고 켜보니...아니???

​

어디서 많이 본것같은 상성표가???",O,"다른 게임도 FM과 비슷한 상성표가 있다는 것을 작성한 게시글로 타게임이 언급되긴 하였으나 
타 게임을 홍보하는 등의 내용이 아닌 요즘 게임들 UI가 비슷하다는 단순 언급이기에 삭제하지 말고 
텔레그렘 이슈방에 전달하여 삭제 유무를 물어보는 것이 좋습니다.",issue,제목: 게임이다 비슷비슷한가봐요? 내용: 소오콘 이후로 처음하는데 너무재미있게 하고있습니다. 신월동행. 그런데 스토리다밀고 깰꺼다깨니까 딱히할게 없네요? 그래서 또무슨게임있나~하고 찾아보니까 아직출시는 안했는데~ 사전예약겸 무슨게임인지 알아볼깢 하고 켜보니...아니??? ​ 어디서 많이 본것같은 상성표가???
30,FM,"제목: 게스트로그인왜안되나용??
내용: 게임해보려는데 게스트로그인안되네요;;",O,"접속 불가 현상에 해당하는 문의로, 이슈 판단 잘해주셨습니다.
 1건 발생 시 텔레그램 이슈방 전달 및 접속 테스트
3건 이상 발생 시 유선 전달 입니다.",issue,제목: 게스트로그인왜안되나용?? 내용: 게임해보려는데 게스트로그인안되네요;;
31,FM,"제목: 좀만 즐기다 배필로 갑니다
내용: 일정 존나 타이트 하네 재화도 빡빡하고 배필 6나 조난 조져야지 개 재밌던데",X,"비속어가 포함된 게시글은 맞으나 삭제 할 정도의 
비속어가 아니기에 삭제할 필요 없습니다.

그러나 타 게임에 대한 단순 언급이 아닌, 살짝은 홍보성으로 보일 여지가 있으므로 이슈방에 전달하여
확인받는것이 맞습니다",non_issue,제목: 좀만 즐기다 배필로 갑니다 내용: 일정 존나 타이트 하네 재화도 빡빡하고 배필 6나 조난 조져야지 개 재밌던데
32,FM,"제목: 이거 레벨업 5개 왜 안 됨?
내용: 4개밖에 안됐는데 뭐지

설마 중복나오면 날아가고 그런건가",O,"콘텐츠 불가 오류가 발생한 사항으로,
이슈 판단 잘 해주셨습니다.
1건 발생 시 즉시 전달
3건 이상 시 유선 전달 해주시면 됩니다.",issue,제목: 이거 레벨업 5개 왜 안 됨? 내용: 4개밖에 안됐는데 뭐지 설마 중복나오면 날아가고 그런건가
33,FM,"제목: 자동모드 문제점
내용: 용정 - 2스 전술 스킬을 안 씀 (방깎이라 중요한데) - 국경지대 칩셋 효과도 못 봄

가천 - 3스를 안 씀 (조건부 공증이라 중요한데)",O,"콘텐츠 불가 오류가 발생한 사항으로,
이슈 판단 잘 해주셨습니다.
1건 발생 시 즉시 전달
3건 이상 시 유선 전달 해주시면 됩니다.",issue,제목: 자동모드 문제점 내용: 용정 - 2스 전술 스킬을 안 씀 (방깎이라 중요한데) - 국경지대 칩셋 효과도 못 봄 가천 - 3스를 안 씀 (조건부 공증이라 중요한데)
34,FM,"제목: 계정 갑자기 초기화 됬는데 GM님 제발 봐주세요 제발
내용: 아침까지만 해도 접속 잘되던게 갑자기 지금 들어가보니 계정이 초기화되어있네? 뭐냐 이거 진심 ㅈㄴ 어이없고 
석나가네 아 고객센터 문의하려고 해도 UI인가 뭔가 번호도 모르고 

개열받는다 GM님 제발 이 글좀 봐주세요 정신 나갈거 같아요

아 여태 게임하면서 이런적이 처음이라 정신을 못차리겠네

아니 환불이라도 해주던가 이게 진짜 뭐에요 

구글연동 해놓고 잘 사용하고있었습니다",O,"게임 데이터 손실 오류가 발생한 사항으로,
이슈 판단 잘 해주셨습니다.
1건 발생 시 즉시 전달
3건 이상 시 유선 전달 해주시면 됩니다.",issue,제목: 계정 갑자기 초기화 됬는데 GM님 제발 봐주세요 제발 내용: 아침까지만 해도 접속 잘되던게 갑자기 지금 들어가보니 계정이 초기화되어있네? 뭐냐 이거 진심 ㅈㄴ 어이없고 석나가네 아 고객센터 문의하려고 해도 UI인가 뭔가 번호도 모르고 개열받는다 GM님 제발 이 글좀 봐주세요 정신 나갈거 같아요 아 여태 게임하면서 이런적이 처음이라 정신을 못차리겠네 아니 환불이라도 해주던가 이게 진짜 뭐에요 구글연동 해놓고 잘 사용하고있었습니다
35,FM,"제목: 공허미궁 블록스타일문 타일 어케 구해요?
내용: 제곧내... 

다돌아다니면서 미션깨고 공략봣는데도 저는 타일 안나오던데 버그인가요?ㅠㅠ",O,"콘텐츠 불가 오류가 발생한 사항으로,
이슈 판단 잘 해주셨습니다.
1건 발생 시 즉시 전달
3건 이상 시 유선 전달 해주시면 됩니다.",issue,제목: 공허미궁 블록스타일문 타일 어케 구해요? 내용: 제곧내... 다돌아다니면서 미션깨고 공략봣는데도 저는 타일 안나오던데 버그인가요?ㅠㅠ
36,FM,"제목: 리세 타이밍 늦었나요?
내용: 오늘 시작하려는네 자회 픽업도 사라지고

쇄은자도 픽뚫도 못하던데..

늦었나요?",X,"해당 게시글은 픽업 이벤트가 끝난 시점에서
게임을 시작하는게 늦었는지 질문하는 내용 입니다.

따라서 콘텐츠 오류가 아니기때문에 전달할 필요 없습니다.",non_issue,제목: 리세 타이밍 늦었나요? 내용: 오늘 시작하려는네 자회 픽업도 사라지고 쇄은자도 픽뚫도 못하던데.. 늦었나요?
37,FM,"제목: 혹시 여기도 이벤트 한정 아이템 같은거 있나요?
내용: 어제 이벤트 밀다가 깜빡 잠들어버려서 다 진행 못해버렸어요...",X,"해당 게시글은 잠들어서 이벤트를 진행하지 못했는데
이벤트로만 얻을 수 있는 한정 아이템이 존재하는지
질문하는 내용입니다.

따라서 콘텐츠 오류가 아니기때문에 전달할 필요 없습니다.",non_issue,제목: 혹시 여기도 이벤트 한정 아이템 같은거 있나요? 내용: 어제 이벤트 밀다가 깜빡 잠들어버려서 다 진행 못해버렸어요...
38,FM,"제목: 구글 로그인이 안돼요..ㅜㅠ
내용: 신월동행 오픈 때부터 계속 플레이한 유저인데 오전에는 접속 잘 되었는데 2시간 전쯤에 접속하려고 앱 들어갔는데 
로그아웃 되어 있고, 
로그인 시도하면 이렇게 로딩이 5분 정도 이상 걸려서 로딩 계속 기다려도 안되네요..ㅜㅠ

​게임 재설치, 탭 전원 껐다 켜기, 리소스 전부 삭제 후 시작, 데이터&캐시 전부 삭제 후 시작 이렇게 다 해도 안되는데 도와주세요..

​기종은 갤탭S7FE입니다.",O,"접속 불가 현상에 해당하는 문의로
이슈 판단 잘해주셨습니다.
 1건 발생 시 텔레그램 이슈방 전달 및 접속 테스트
3건 이상 발생 시 유선 전달 입니다.",issue,"제목: 구글 로그인이 안돼요..ㅜㅠ 내용: 신월동행 오픈 때부터 계속 플레이한 유저인데 오전에는 접속 잘 되었는데 2시간 전쯤에 접속하려고 앱 들어갔는데 로그아웃 되어 있고, 로그인 시도하면 이렇게 로딩이 5분 정도 이상 걸려서 로딩 계속 기다려도 안되네요..ㅜㅠ ​게임 재설치, 탭 전원 껐다 켜기, 리소스 전부 삭제 후 시작, 데이터&캐시 전부 삭제 후 시작 이렇게 다 해도 안되는데 도와주세요.. ​기종은 갤탭S7FE입니다."
39,FM,"제목: 칩셋 강화하는데 프리징 계속 걸립니다
내용: S25 울트라인데 좀 많이 심해요",O,"게임 진행이 불가할 정도의 프리징 현상이 발생한 사항으로,
이슈 판단 잘 해주셨습니다.
1건 발생 시 즉시 전달
3건 이상 시 유선 전달 해주시면 됩니다.",issue,제목: 칩셋 강화하는데 프리징 계속 걸립니다 내용: S25 울트라인데 좀 많이 심해요
40,FM,"제목: 햄버거 이벤트 쿠폰사용불가
내용: 이벤트 당첨 쿠폰 사용하려했는데 사용불가쿠폰 이라 뜬다고 하셔서 사용을 못했네요 ㅎㅎ

사용기한이 있는건지.. ",X,"커뮤니티에서 게임 운영자가 진행한 이벤트로, 콘텐츠 이용 불가 혹은 게임 내 이벤트
이용 불가 등 게임에 영향을 끼치는 이슈가 아니기에 전달하지 않아도 됩니다.",non_issue,제목: 햄버거 이벤트 쿠폰사용불가 내용: 이벤트 당첨 쿠폰 사용하려했는데 사용불가쿠폰 이라 뜬다고 하셔서 사용을 못했네요 ㅎㅎ 사용기한이 있는건지.. 
41,FM,"제목: 오동 꿈 순찰 오류
내용: 왜 오동 꿈 이벤트에서 초의랑 전투 할때마다 팅기나요?

그러고 보상도 못받고 이거 버그아닙니까?

미션도 못깨고 시간만 계속 날리네요..

어떻게 보상해주실건가요??

법원에 갈까요?

폰기종 아이폰13프로입니다",O,"콘텐츠 불가 오류가 발생한 사항으로,
이슈 판단 잘 해주셨습니다.
1건 발생 시 즉시 전달
3건 이상 시 유선 전달 해주시면 됩니다.",issue,제목: 오동 꿈 순찰 오류 내용: 왜 오동 꿈 이벤트에서 초의랑 전투 할때마다 팅기나요? 그러고 보상도 못받고 이거 버그아닙니까? 미션도 못깨고 시간만 계속 날리네요.. 어떻게 보상해주실건가요?? 법원에 갈까요? 폰기종 아이폰13프로입니다
42,FM,"제목: 계정이 있었는데 사라졌어요....
내용: 원래 있던 계정이 어제까지 있었은데 오늘 들어가보니 갑자기 사라져 있었습니다.  

그래서 지금 닉네임과 uid도 확인이 불가해요

마지막으로본 계정상태가 60중후반에 닉은 나누크 에요

혹시라도 관련 해결법 알고 있거나 비슷한 경험 있으면   도와줘요. 

금계 절경 뽑을려고 성옥20000개 모았는데.........",O,"게임 데이터 손실 오류가 발생한 사항으로,
이슈 판단 잘 해주셨습니다.
1건 발생 시 즉시 전달
3건 이상 시 유선 전달 해주시면 됩니다.",issue,제목: 계정이 있었는데 사라졌어요.... 내용: 원래 있던 계정이 어제까지 있었은데 오늘 들어가보니 갑자기 사라져 있었습니다. 그래서 지금 닉네임과 uid도 확인이 불가해요 마지막으로본 계정상태가 60중후반에 닉은 나누크 에요 혹시라도 관련 해결법 알고 있거나 비슷한 경험 있으면 도와줘요. 금계 절경 뽑을려고 성옥20000개 모았는데.........
43,FM,"제목: 업데이트 할때 고쳐주시면 감사하겠습니다
내용: 공지가 다 검은색으로 이렇게 보이네요",O,"콘텐츠 불가 오류가 발생한 사항으로,
이슈 판단 잘 해주셨습니다.
1건 발생 시 즉시 전달
3건 이상 시 유선 전달 해주시면 됩니다.",issue,제목: 업데이트 할때 고쳐주시면 감사하겠습니다 내용: 공지가 다 검은색으로 이렇게 보이네요
44,FM,"제목: 이벤트 재미없어서 접는 게임은 처음이네ㅋ
내용: 중국게임치고 고퀄게임이라 처음엔 기대도했는데. 

시간이 지날수록 에휴.. 말을 말자. 깔끔하게 접는다.

나랑 안맞으면 접어야지 뭐. 

다신 보지말자. 신월동행.",O,"특정 이슈에 대한 불만으로, 이슈 판단 잘 해주셨습니다.
5건 이상 발생 시 텔레그램 이슈방 전달 입니다.",issue,제목: 이벤트 재미없어서 접는 게임은 처음이네ㅋ 내용: 중국게임치고 고퀄게임이라 처음엔 기대도했는데. 시간이 지날수록 에휴.. 말을 말자. 깔끔하게 접는다. 나랑 안맞으면 접어야지 뭐. 다신 보지말자. 신월동행.
45,FM,"제목: 오동 순찰 이벤트할때
내용: 초의랑 싸움하러 들어가면 자꾸 게임이 꺼지는데 왜이러는간가요 다른 기기로 해도 똑같은데;;",O,"콘텐츠 불가 오류가 발생한 사항 및 게임 진행이 불가할 정도의 프리징 현상이 발생한 사항으로 볼 수 있습니다.
이슈 판단 잘 해주셨습니다.
1건 발생 시 즉시 전달
3건 이상 시 유선 전달 해주시면 됩니다.",issue,제목: 오동 순찰 이벤트할때 내용: 초의랑 싸움하러 들어가면 자꾸 게임이 꺼지는데 왜이러는간가요 다른 기기로 해도 똑같은데;;
46,FM,"제목: 자꾸 멈추는데 저만 그런건가요?
내용: 자꾸 멈춰서 강종만 세번했는데 저만 이런건지 궁금하네요",O,"게임 진행이 불가할 정도의 프리징 현상이 발생한 사항으로,
이슈 판단 잘 해주셨습니다.
1건 발생 시 즉시 전달
3건 이상 시 유선 전달 해주시면 됩니다.",issue,제목: 자꾸 멈추는데 저만 그런건가요? 내용: 자꾸 멈춰서 강종만 세번했는데 저만 이런건지 궁금하네요
47,FM,"제목: 3배속 음성 끊기는 문제
내용: 쇄은자 입장 시 '잡아 먹어야지~' 하잖아요.

근데 3배속 켜면 '~야지~~'만 출력되거든요?

​

이게 리트할때마다 살짝 거슬린달까..

기술적인 문제인걸까요

​

요즘 야래 노래도 너무 듣기싫고

내가 열정이 식은건가..

​

캐디는 진짜 이만한 겜 없는데ㅠ",O,"콘텐츠 불가 오류가 발생한 사항으로,
이슈 판단 잘 해주셨습니다.
1건 발생 시 즉시 전달
3건 이상 시 유선 전달 해주시면 됩니다.",issue,제목: 3배속 음성 끊기는 문제 내용: 쇄은자 입장 시 '잡아 먹어야지~' 하잖아요. 근데 3배속 켜면 '~야지~~'만 출력되거든요? ​ 이게 리트할때마다 살짝 거슬린달까.. 기술적인 문제인걸까요 ​ 요즘 야래 노래도 너무 듣기싫고 내가 열정이 식은건가.. ​ 캐디는 진짜 이만한 겜 없는데ㅠ
48,FM,"제목: 메인스토리 챕터5-3 보상 에러
내용: 오른쪽으로 가면 등을 보이고 앉아있는 특수요원에게 말을 걸면 보상을 주는데 클리어하고 나면 보상이 사라지고 커운터가 안되네요~

아니면 다른 곳에서 보상을 주는 것이 있나요~",O,"콘텐츠 불가 오류가 발생한 사항으로,
이슈 판단 잘 해주셨습니다.
1건 발생 시 즉시 전달
3건 이상 시 유선 전달 해주시면 됩니다.",issue,제목: 메인스토리 챕터5-3 보상 에러 내용: 오른쪽으로 가면 등을 보이고 앉아있는 특수요원에게 말을 걸면 보상을 주는데 클리어하고 나면 보상이 사라지고 커운터가 안되네요~ 아니면 다른 곳에서 보상을 주는 것이 있나요~
49,FM,"제목: 설문조사 일본어로 나와요...
내용: 오늘 한글날인데... 읭?

제목: ? 우리들 언제부터 일본사람이 였음?
내용: 일본어로 설문조사 나오는데 나만 그런것도 아닌거 같은디 뭐냐

키야 역시 킹왕짱 신월동행 보상을 주기 위해 소소한 사고를 치고 보상을 주는건가

다 계획이 있구나 :>>> ",O,"콘텐츠 불가 오류가 발생한 사항으로,
이슈 판단 잘 해주셨습니다.
1건 발생 시 즉시 전달
3건 이상 시 유선 전달 해주시면 됩니다.",issue,제목: 설문조사 일본어로 나와요... 내용: 오늘 한글날인데... 읭? 제목: ? 우리들 언제부터 일본사람이 였음? 내용: 일본어로 설문조사 나오는데 나만 그런것도 아닌거 같은디 뭐냐 키야 역시 킹왕짱 신월동행 보상을 주기 위해 소소한 사고를 치고 보상을 주는건가 다 계획이 있구나 :>>> 
50,FM,"제목: 저만 알림 푸시 안오나요?
내용: 현실지수가 다 차거나 요번 쿠폰처럼 그런 알림들이 하나도 안오네요 ",O,"콘텐츠 불가 오류가 발생한 사항으로,
이슈 판단 잘 해주셨습니다.
1건 발생 시 즉시 전달
3건 이상 시 유선 전달 해주시면 됩니다.",issue,제목: 저만 알림 푸시 안오나요? 내용: 현실지수가 다 차거나 요번 쿠폰처럼 그런 알림들이 하나도 안오네요 
51,FM,"제목:이거 왜 안 깨지나요ㅠㅠㅠ
내용: 칩셉 강화 전부 햇고 카라스 체력도 1인데ㅜㅠ

계속 방어막 떠서 1체력에서 계속 버티는데 버그인가요? ㅠㅠㅠ 도전횟수 2번 남았는데 2번 다 하면 다시 처음부터 해야 하나요? ",O,"콘텐츠 불가 오류가 발생한 사항으로,
이슈 판단 잘 해주셨습니다.
1건 발생 시 즉시 전달
3건 이상 시 유선 전달 해주시면 됩니다.",issue,제목:이거 왜 안 깨지나요ㅠㅠㅠ 내용: 칩셉 강화 전부 햇고 카라스 체력도 1인데ㅜㅠ 계속 방어막 떠서 1체력에서 계속 버티는데 버그인가요? ㅠㅠㅠ 도전횟수 2번 남았는데 2번 다 하면 다시 처음부터 해야 하나요? 
52,FM,"제목: 할로윈 쿠폰 코드
내용: 되시는 분 계세요?? 저만 안 되는 건가요ㅠ.ㅠ

제목: 이거 뭐죠ㅋㅋㅋㅋㅋㅋㅋ
내용: 존재하지 않는 쿠폰코드..",O,"콘텐츠 불가 오류가 발생한 사항으로,
이슈 판단 잘 해주셨습니다.
1건 발생 시 즉시 전달
3건 이상 시 유선 전달 해주시면 됩니다.",issue,제목: 할로윈 쿠폰 코드 내용: 되시는 분 계세요?? 저만 안 되는 건가요ㅠ.ㅠ 제목: 이거 뭐죠ㅋㅋㅋㅋㅋㅋㅋ 내용: 존재하지 않는 쿠폰코드..
53,FM,"제목: 이벤트 너무 귀찮은 것
내용: 이벤트 1일 남았을 때 풀로 땡겨야지 

이벤트가 여러개 겹치니까 숙제가 된 느낌 

제목: 이번 바빌론 왈츠 이벤트 이거 무슨 생각으로 만든걸까요?
내용: 결말 2개 봤는데

이거 더는 못하겠다",O,"특정 이슈에 대한 불만으로, 이슈 판단 잘 해주셨습니다.
5건 이상 발생 시 텔레그램 이슈방 전달 입니다.",issue,제목: 이벤트 너무 귀찮은 것 내용: 이벤트 1일 남았을 때 풀로 땡겨야지 이벤트가 여러개 겹치니까 숙제가 된 느낌 제목: 이번 바빌론 왈츠 이벤트 이거 무슨 생각으로 만든걸까요? 내용: 결말 2개 봤는데 이거 더는 못하겠다
54,FM,"제목: 위험재현 점수가 안나옵니다
내용 : 전반은 머피 금계 절경(1돌) 월백(1돌)

후반 천성(풀돌) 조안(풀돌) 자회(1돌) 정천으로 하는데 정천 대신 부지춘(1돌)도 있음

​

근데 점수가 많이 안벌리는 이유가 뭘까요 칩셋도 어느정도 맞춰다고 생각하는데 뭐가 문제인지 모르겠어요..",X,"해당 게시글은 작성자의 인게임 스펙이 약해
점수가 낮게 나와서 어떻게 해야 점수를 높게 얻을 수 있는지
질문하는 내용입니다.

따라서 콘텐츠 오류가 아니기때문에 전달할 필요 없습니다.",non_issue,제목: 위험재현 점수가 안나옵니다 내용 : 전반은 머피 금계 절경(1돌) 월백(1돌) 후반 천성(풀돌) 조안(풀돌) 자회(1돌) 정천으로 하는데 정천 대신 부지춘(1돌)도 있음 ​ 근데 점수가 많이 안벌리는 이유가 뭘까요 칩셋도 어느정도 맞춰다고 생각하는데 뭐가 문제인지 모르겠어요..
